FIPS,Admin2,Confirmed
01001,Autauga,30
01003,Baldwin,123
01005,Barbour,28
01007,Bibb,32
01009,Blount,26
01011,Bullock,11
01013,Butler,15
01015,Calhoun,83
01017,Chambers,259
01019,Cherokee,13
01021,Chilton,44
01023,Choctaw,18
01025,Clarke,24
01027,Clay,19
01029,Cleburne,12
01031,Coffee,68
01033,Colbert,16
01035,Conecuh,9
01037,Coosa,24
01039,Covington,26
01041,Crenshaw,6
01043,Cullman,45
01045,Dale,21
01047,Dallas,29
01049,DeKalb,51
01051,Elmore,73
01053,Escambia,17
01055,Etowah,109
01057,Fayette,4
01059,Franklin,18
01061,Geneva,4
01063,Greene,32
01065,Hale,34
01067,Henry,20
01069,Houston,73
01071,Jackson,41
01073,Jefferson,698
01075,Lamar,9
01077,Lauderdale,25
01079,Lawrence,10
01081,Lee,319
01083,Limestone,40
01085,Lowndes,32
01087,Macon,27
01089,Madison,203
01091,Marengo,35
01093,Marion,65
01095,Marshall,194
01097,Mobile,714
01099,Monroe,9
01101,Montgomery,245
01103,Morgan,51
01105,Perry,9
01107,Pickens,43
01109,Pike,46
01111,Randolph,59
01113,Russell,48
01115,St. Clair,59
01117,Shelby,273
01119,Sumter,44
01121,Talladega,50
01123,Tallapoosa,228
01125,Tuscaloosa,158
01127,Walker,91
01129,Washington,17
01131,Wilcox,49
01133,Winston,10
02013,Aleutians East,0
02016,Aleutians West,0
02020,Anchorage,160
02050,Bethel,1
02060,Bristol Bay,0
02068,Denali,0
02070,Dillingham,0
02090,Fairbanks North Star,79
02100,Haines,0
02105,Hoonah-Angoon,0
02110,Juneau,26
02122,Kenai Peninsula,19
02130,Ketchikan Gateway,16
02150,Kodiak Island,1
02158,Kusilvak,0
02164,Lake and Peninsula,0
02170,Matanuska-Susitna,19
02180,Nome,1
02185,North Slope,0
02188,Northwest Arctic,0
02195,Petersburg,3
02198,Prince of Wales-Hyder,2
02220,Sitka,0
02230,Skagway,0
02240,Southeast Fairbanks,1
02261,Valdez-Cordova,0
02275,Wrangell,0
02282,Yakutat,0
02290,Yukon-Koyukuk,1
04001,Apache,226
04003,Cochise,29
04005,Coconino,342
04007,Gila,9
04009,Graham,2
04011,Greenlee,2
04012,La Paz,6
04013,Maricopa,2738
04015,Mohave,59
04017,Navajo,485
04019,Pima,963
04021,Pinal,268
04023,Santa Cruz,23
04025,Yavapai,72
04027,Yuma,32
05001,Arkansas,2
05003,Ashley,12
05005,Baxter,5
05007,Benton,66
05009,Boone,3
05011,Bradley,7
05013,Calhoun,0
05015,Carroll,2
05017,Chicot,7
05019,Clark,27
05021,Clay,1
05023,Cleburne,71
05025,Cleveland,8
05027,Columbia,5
05029,Conway,5
05031,Craighead,45
05033,Crawford,4
05035,Crittenden,145
05037,Cross,8
05039,Dallas,1
05041,Desha,7
05043,Drew,6
05045,Faulkner,62
05047,Franklin,1
05049,Fulton,0
05051,Garland,109
05053,Grant,11
05055,Greene,9
05057,Hempstead,5
05059,Hot Spring,8
05061,Howard,14
05063,Independence,8
05065,Izard,2
05067,Jackson,1
05069,Jefferson,126
05071,Johnson,22
05073,Lafayette,4
05075,Lawrence,26
05077,Lee,3
05079,Lincoln,258
05081,Little River,0
05083,Logan,3
05085,Lonoke,26
05087,Madison,1
05089,Marion,1
05091,Miller,30
05093,Mississippi,9
05095,Monroe,4
05097,Montgomery,0
05099,Nevada,1
05101,Newton,2
05103,Ouachita,5
05105,Perry,3
05107,Phillips,4
05109,Pike,2
05111,Poinsett,10
05113,Polk,7
05115,Pope,35
05117,Prairie,2
05119,Pulaski,390
05121,Randolph,14
05123,St. Francis,65
05125,Saline,45
05127,Scott,1
05129,Searcy,6
05131,Sebastian,11
05133,Sevier,10
05135,Sharp,2
05137,Stone,7
05139,Union,26
05141,Van Buren,26
05143,Washington,59
05145,White,29
05147,Woodruff,1
05149,Yell,2
06001,Alameda,1241
06003,Alpine,1
06005,Amador,7
06007,Butte,16
06009,Calaveras,12
06011,Colusa,3
06013,Contra Costa,749
06015,Del Norte,2
06017,El Dorado,38
06019,Fresno,351
06021,Glenn,4
06023,Humboldt,52
06025,Imperial,175
06027,Inyo,18
06029,Kern,671
06031,Kings,32
06033,Lake,6
06035,Lassen,0
06037,Los Angeles,15153
06039,Madera,36
06041,Marin,199
06043,Mariposa,0
06045,Mendocino,5
06047,Merced,92
06049,Modoc,0
06051,Mono,24
06053,Monterey,148
06055,Napa,48
06057,Nevada,38
06059,Orange,1691
06061,Placer,133
06063,Plumas,4
06065,Riverside,2847
06067,Sacramento,954
06069,San Benito,44
06071,San Bernardino,1489
06073,San Diego,2325
06075,San Francisco,1231
06077,San Joaquin,449
06079,San Luis Obispo,134
06081,San Mateo,935
06083,Santa Barbara,416
06085,Santa Clara,1922
06087,Santa Cruz,108
06089,Shasta,26
06091,Sierra,0
06093,Siskiyou,5
06095,Solano,180
06097,Sonoma,182
06099,Stanislaus,232
06101,Sutter,26
06103,Tehama,1
06105,Trinity,0
06107,Tulare,422
06109,Tuolumne,2
06111,Ventura,428
06113,Yolo,142
06115,Yuba,16
08001,Adams,996
08003,Alamosa,9
08005,Arapahoe,1649
08007,Archuleta,7
08009,Baca,10
08011,Bent,0
08013,Boulder,390
08014,Broomfield,106
08015,Chaffee,38
08017,Cheyenne,0
08019,Clear Creek,11
08021,Conejos,0
08023,Costilla,3
08025,Crowley,2
08027,Custer,2
08029,Delta,25
08031,Denver,2004
08033,Dolores,0
08035,Douglas,384
08037,Eagle,487
08039,Elbert,24
08041,El Paso,744
08043,Fremont,11
08045,Garfield,71
08047,Gilpin,1
08049,Grand,5
08051,Gunnison,121
08053,Hinsdale,3
08055,Huerfano,1
08057,Jackson,0
08059,Jefferson,1011
08061,Kiowa,0
08063,Kit Carson,18
08065,Lake,8
08067,La Plata,51
08069,Larimer,250
08071,Las Animas,3
08073,Lincoln,3
08075,Logan,23
08077,Mesa,35
08079,Mineral,2
08081,Moffat,6
08083,Montezuma,13
08085,Montrose,80
08087,Morgan,180
08089,Otero,7
08091,Ouray,5
08093,Park,6
08095,Phillips,5
08097,Pitkin,58
08099,Prowers,1
08101,Pueblo,92
08103,Rio Blanco,1
08105,Rio Grande,7
08107,Routt,51
08109,Saguache,3
08111,San Juan,0
08113,San Miguel,17
08115,Sedgwick,0
08117,Summit,93
08119,Teller,25
08121,Washington,6
08123,Weld,1180
08125,Yuma,3
09001,Fairfield,8472
09003,Hartford,3951
09005,Litchfield,643
09007,Middlesex,512
09009,New Haven,5493
09011,New London,369
09013,Tolland,305
09015,Windham,112
10001,Kent,459
10003,New Castle,1303
10005,Sussex,1139
11001,District of Columbia,3098
12001,Alachua,224
12003,Baker,17
12005,Bay,58
12007,Bradford,42
12009,Brevard,224
12011,Broward,4168
12013,Calhoun,6
12015,Charlotte,143
12017,Citrus,92
12019,Clay,256
12021,Collier,477
12023,Columbia,43
12027,DeSoto,24
12029,Dixie,4
12031,Duval,909
12033,Escambia,340
12035,Flagler,78
12037,Franklin,2
12039,Gadsden,57
12041,Gilchrist,4
12043,Glades,5
12045,Gulf,1
12047,Hamilton,4
12049,Hardee,4
12051,Hendry,46
12053,Hernando,84
12055,Highlands,71
12057,Hillsborough,979
12059,Holmes,8
12061,Indian River,85
12063,Jackson,11
12065,Jefferson,26
12067,Lafayette,1
12069,Lake,213
12071,Lee,795
12073,Leon,186
12075,Levy,12
12077,Liberty,2
12079,Madison,26
12081,Manatee,443
12083,Marion,130
12085,Martin,160
12086,Miami-Dade,10056
12087,Monroe,73
12089,Nassau,46
12091,Okaloosa,134
12093,Okeechobee,8
12095,Orange,1235
12097,Osceola,417
12099,Palm Beach,2320
12101,Pasco,213
12103,Pinellas,632
12105,Polk,356
12107,Putnam,59
12109,St. Johns,194
12111,St. Lucie,206
12113,Santa Rosa,139
12115,Sarasota,297
12117,Seminole,328
12119,Sumter,163
12121,Suwannee,102
12123,Taylor,2
12125,Union,3
12127,Volusia,366
12129,Wakulla,15
12131,Walton,32
12133,Washington,9
13001,Appling,21
13003,Atkinson,5
13005,Bacon,19
13007,Baker,20
13009,Baldwin,132
13011,Banks,15
13013,Barrow,99
13015,Bartow,256
13017,Ben Hill,19
13019,Berrien,10
13021,Bibb,203
13023,Bleckley,5
13025,Brantley,20
13027,Brooks,30
13029,Bryan,34
13031,Bulloch,31
13033,Burke,51
13035,Butts,82
13037,Calhoun,61
13039,Camden,27
13043,Candler,7
13045,Carroll,307
13047,Catoosa,26
13049,Charlton,7
13051,Chatham,185
13053,Chattahoochee,7
13055,Chattooga,10
13057,Cherokee,322
13059,Clarke,114
13061,Clay,20
13063,Clayton,546
13065,Clinch,7
13067,Cobb,1215
13069,Coffee,83
13071,Colquitt,154
13073,Columbia,120
13075,Cook,13
13077,Coweta,170
13079,Crawford,14
13081,Crisp,125
13083,Dade,12
13085,Dawson,45
13087,Decatur,59
13089,DeKalb,1534
13091,Dodge,19
13093,Dooly,73
13095,Dougherty,1446
13097,Douglas,244
13099,Early,173
13101,Echols,4
13103,Effingham,29
13105,Elbert,7
13107,Emanuel,14
13109,Evans,4
13111,Fannin,19
13113,Fayette,144
13115,Floyd,127
13117,Forsyth,213
13119,Franklin,12
13121,Fulton,2208
13123,Gilmer,18
13125,Glascock,0
13127,Glynn,49
13129,Gordon,66
13131,Grady,34
13133,Greene,45
13135,Gwinnett,1222
13137,Habersham,107
13139,Hall,720
13141,Hancock,10
13143,Haralson,23
13145,Harris,44
13147,Hart,6
13149,Heard,7
13151,Henry,384
13153,Houston,185
13155,Irwin,15
13157,Jackson,56
13159,Jasper,17
13161,Jeff Davis,7
13163,Jefferson,11
13165,Jenkins,13
13167,Johnson,34
13169,Jones,20
13171,Lamar,29
13173,Lanier,7
13175,Laurens,43
13177,Lee,277
13179,Liberty,34
13181,Lincoln,9
13183,Long,2
13185,Lowndes,105
13187,Lumpkin,25
13189,McDuffie,37
13191,McIntosh,4
13193,Macon,55
13195,Madison,16
13197,Marion,29
13199,Meriwether,47
13201,Miller,23
13205,Mitchell,214
13207,Monroe,15
13209,Montgomery,2
13211,Morgan,22
13213,Murray,19
13215,Muscogee,234
13217,Newton,139
13219,Oconee,53
13221,Oglethorpe,34
13223,Paulding,143
13225,Peach,35
13227,Pickens,18
13229,Pierce,51
13231,Pike,34
13233,Polk,36
13235,Pulaski,17
13237,Putnam,26
13239,Quitman,3
13241,Rabun,8
13243,Randolph,146
13245,Richmond,295
13247,Rockdale,140
13249,Schley,16
13251,Screven,12
13253,Seminole,25
13255,Spalding,136
13257,Stephens,41
13259,Stewart,17
13261,Sumter,333
13263,Talbot,20
13265,Taliaferro,0
13267,Tattnall,5
13269,Taylor,13
13271,Telfair,15
13273,Terrell,156
13275,Thomas,133
13277,Tift,93
13279,Toombs,20
13281,Towns,15
13283,Treutlen,2
13285,Troup,105
13287,Turner,59
13289,Twiggs,4
13291,Union,15
13293,Upson,179
13295,Walker,28
13297,Walton,64
13299,Ware,92
13301,Warren,10
13303,Washington,25
13305,Wayne,9
13307,Webster,7
13309,Wheeler,3
13311,White,31
13313,Whitfield,46
13315,Wilcox,45
13317,Wilkes,19
13319,Wilkinson,22
13321,Worth,129
15001,Hawaii,64
15003,Honolulu,385
15005,Kalawao,0
15007,Kauai,21
15009,Maui,110
16001,Ada,616
16003,Adams,3
16005,Bannock,8
16007,Bear Lake,0
16009,Benewah,0
16011,Bingham,3
16013,Blaine,478
16015,Boise,0
16017,Bonner,4
16019,Bonneville,24
16021,Boundary,0
16023,Butte,0
16025,Camas,1
16027,Canyon,207
16029,Caribou,1
16031,Cassia,11
16033,Clark,0
16035,Clearwater,0
16037,Custer,2
16039,Elmore,24
16041,Franklin,0
16043,Fremont,2
16045,Gem,10
16047,Gooding,8
16049,Idaho,3
16051,Jefferson,5
16053,Jerome,44
16055,Kootenai,52
16057,Latah,4
16059,Lemhi,0
16061,Lewis,0
16063,Lincoln,17
16065,Madison,8
16067,Minidoka,10
16069,Nez Perce,40
16071,Oneida,0
16073,Owyhee,4
16075,Payette,11
16077,Power,2
16079,Shoshone,0
16081,Teton,8
16083,Twin Falls,123
16085,Valley,2
16087,Washington,1
17001,Adams,29
17003,Alexander,2
17005,Bond,4
17007,Boone,35
17009,Brown,0
17011,Bureau,8
17013,Calhoun,1
17015,Carroll,7
17017,Cass,6
17019,Champaign,97
17021,Christian,26
17023,Clark,4
17025,Clay,1
17027,Clinton,46
17029,Coles,17
17031,Cook,23181
17033,Crawford,7
17035,Cumberland,2
17037,DeKalb,56
17039,De Witt,1
17041,Douglas,12
17043,DuPage,1864
17045,Edgar,0
17047,Edwards,0
17049,Effingham,5
17051,Fayette,15
17053,Ford,6
17055,Franklin,6
17057,Fulton,1
17059,Gallatin,2
17061,Greene,1
17063,Grundy,26
17065,Hamilton,2
17067,Hancock,4
17069,Hardin,0
17071,Henderson,2
17073,Henry,31
17075,Iroquois,14
17077,Jackson,48
17079,Jasper,36
17081,Jefferson,34
17083,Jersey,10
17085,Jo Daviess,12
17087,Johnson,2
17089,Kane,684
17091,Kankakee,278
17093,Kendall,146
17095,Knox,11
17097,Lake,2287
17099,LaSalle,33
17101,Lawrence,2
17103,Lee,17
17105,Livingston,18
17107,Logan,4
17109,McDonough,3
17111,McHenry,368
17113,McLean,86
17115,Macon,60
17117,Macoupin,22
17119,Madison,190
17121,Marion,25
17123,Marshall,4
17125,Mason,5
17127,Massac,3
17129,Menard,3
17131,Mercer,5
17133,Monroe,55
17135,Montgomery,17
17137,Morgan,13
17139,Moultrie,2
17141,Ogle,59
17143,Peoria,44
17145,Perry,1
17147,Piatt,7
17149,Pike,1
17151,Pope,0
17153,Pulaski,10
17155,Putnam,0
17157,Randolph,61
17159,Richland,2
17161,Rock Island,217
17163,St. Clair,289
17165,Saline,3
17167,Sangamon,68
17169,Schuyler,1
17171,Scott,0
17173,Shelby,4
17175,Stark,1
17177,Stephenson,13
17179,Tazewell,30
17181,Union,5
17183,Vermilion,10
17185,Wabash,1
17187,Warren,15
17189,Washington,7
17191,Wayne,1
17193,White,1
17195,Whiteside,42
17197,Will,1736
17199,Williamson,16
17201,Winnebago,207
17203,Woodford,11
18001,Adams,7
18003,Allen,336
18005,Bartholomew,140
18007,Benton,4
18009,Blackford,6
18011,Boone,161
18013,Brown,14
18015,Carroll,8
18017,Cass,107
18019,Clark,181
18021,Clay,19
18023,Clinton,20
18025,Crawford,13
18027,Daviess,38
18029,Dearborn,70
18031,Decatur,171
18033,DeKalb,13
18035,Delaware,116
18037,Dubois,16
18039,Elkhart,179
18041,Fayette,22
18043,Floyd,142
18045,Fountain,8
18047,Franklin,91
18049,Fulton,6
18051,Gibson,5
18053,Grant,97
18055,Greene,44
18057,Hamilton,615
18059,Hancock,149
18061,Harrison,103
18063,Hendricks,511
18065,Henry,28
18067,Howard,71
18069,Huntington,6
18071,Jackson,98
18073,Jasper,26
18075,Jay,9
18077,Jefferson,21
18079,Jennings,64
18081,Johnson,451
18083,Knox,18
18085,Kosciusko,22
18087,LaGrange,18
18089,Lake,1227
18091,LaPorte,140
18093,Lawrence,83
18095,Madison,346
18097,Marion,4176
18099,Marshall,24
18101,Martin,6
18103,Miami,26
18105,Monroe,115
18107,Montgomery,26
18109,Morgan,124
18111,Newton,33
18113,Noble,40
18115,Ohio,2
18117,Orange,34
18119,Owen,22
18121,Parke,9
18123,Perry,6
18125,Pike,1
18127,Porter,183
18129,Posey,8
18131,Pulaski,1
18133,Putnam,53
18135,Randolph,12
18137,Ripley,83
18139,Rush,22
18141,St. Joseph,442
18143,Scott,25
18145,Shelby,120
18147,Spencer,5
18149,Starke,11
18151,Steuben,17
18153,Sullivan,10
18155,Switzerland,13
18157,Tippecanoe,59
18159,Tipton,14
18161,Union,6
18163,Vanderburgh,88
18165,Vermillion,6
18167,Vigo,60
18169,Wabash,10
18171,Warren,7
18173,Warrick,69
18175,Washington,31
18177,Wayne,28
18179,Wells,6
18181,White,8
18183,Whitley,16
19001,Adair,1
19003,Adams,0
19005,Allamakee,44
19007,Appanoose,2
19009,Audubon,1
19011,Benton,24
19013,Black Hawk,366
19015,Boone,6
19017,Bremer,32
19019,Buchanan,11
19021,Buena Vista,2
19023,Butler,2
19025,Calhoun,0
19027,Carroll,1
19029,Cass,1
19031,Cedar,26
19033,Cerro Gordo,14
19035,Cherokee,1
19037,Chickasaw,3
19039,Clarke,2
19041,Clay,3
19043,Clayton,8
19045,Clinton,44
19047,Crawford,6
19049,Dallas,55
19051,Davis,0
19053,Decatur,0
19055,Delaware,3
19057,Des Moines,13
19059,Dickinson,2
19061,Dubuque,48
19063,Emmet,0
19065,Fayette,7
19067,Floyd,0
19069,Franklin,1
19071,Fremont,0
19073,Greene,1
19075,Grundy,6
19077,Guthrie,4
19079,Hamilton,2
19081,Hancock,3
19083,Hardin,4
19085,Harrison,14
19087,Henry,29
19089,Howard,4
19091,Humboldt,1
19093,Ida,0
19095,Iowa,13
19097,Jackson,5
19099,Jasper,53
19101,Jefferson,7
19103,Johnson,372
19105,Jones,16
19107,Keokuk,3
19109,Kossuth,1
19111,Lee,3
19113,Linn,460
19115,Louisa,242
19117,Lucas,0
19119,Lyon,5
19121,Madison,4
19123,Mahaska,8
19125,Marion,5
19127,Marshall,224
19129,Mills,2
19131,Mitchell,2
19133,Monona,7
19135,Monroe,0
19137,Montgomery,1
19139,Muscatine,230
19141,O'Brien,3
19143,Osceola,4
19145,Page,4
19147,Palo Alto,0
19149,Plymouth,9
19151,Pocahontas,0
19153,Polk,415
19155,Pottawattamie,18
19157,Poweshiek,14
19159,Ringgold,0
19161,Sac,0
19163,Scott,179
19165,Shelby,9
19167,Sioux,7
19169,Story,19
19171,Tama,223
19173,Taylor,1
19175,Union,1
19177,Van Buren,8
19179,Wapello,6
19181,Warren,20
19183,Washington,124
19185,Wayne,0
19187,Webster,3
19189,Winnebago,2
19191,Winneshiek,7
19193,Woodbury,81
19195,Worth,1
19197,Wright,2
20001,Allen,0
20003,Anderson,0
20005,Atchison,6
20007,Barber,1
20009,Barton,9
20011,Bourbon,7
20013,Brown,0
20015,Butler,12
20017,Chase,1
20019,Chautauqua,3
20021,Cherokee,7
20023,Cheyenne,0
20025,Clark,0
20027,Clay,5
20029,Cloud,3
20031,Coffey,47
20033,Comanche,0
20035,Cowley,1
20037,Crawford,6
20039,Decatur,0
20041,Dickinson,1
20043,Doniphan,3
20045,Douglas,43
20047,Edwards,1
20049,Elk,0
20051,Ellis,8
20053,Ellsworth,0
20055,Finney,42
20057,Ford,187
20059,Franklin,12
20061,Geary,9
20063,Gove,1
20065,Graham,0
20067,Grant,0
20069,Gray,0
20071,Greeley,0
20073,Greenwood,2
20075,Hamilton,1
20077,Harper,0
20079,Harvey,5
20081,Haskell,1
20083,Hodgeman,0
20085,Jackson,1
20087,Jefferson,6
20089,Jewell,4
20091,Johnson,384
20093,Kearny,4
20095,Kingman,0
20097,Kiowa,0
20099,Labette,20
20101,Lane,0
20103,Leavenworth,136
20105,Lincoln,0
20107,Linn,6
20109,Logan,0
20111,Lyon,111
20113,McPherson,19
20115,Marion,5
20117,Marshall,0
20119,Meade,0
20121,Miami,4
20123,Mitchell,2
20125,Montgomery,12
20127,Morris,2
20129,Morton,2
20131,Nemaha,0
20133,Neosho,2
20135,Ness,0
20137,Norton,0
20139,Osage,4
20141,Osborne,2
20143,Ottawa,3
20145,Pawnee,0
20147,Phillips,1
20149,Pottawatomie,6
20151,Pratt,1
20153,Rawlins,0
20155,Reno,15
20157,Republic,4
20159,Rice,0
20161,Riley,31
20163,Rooks,4
20165,Rush,0
20167,Russell,0
20169,Saline,17
20171,Scott,1
20173,Sedgwick,283
20175,Seward,96
20177,Shawnee,94
20179,Sheridan,2
20181,Sherman,1
20183,Smith,2
20185,Stafford,1
20187,Stanton,4
20189,Stevens,4
20191,Sumner,3
20193,Thomas,0
20195,Trego,0
20197,Wabaunsee,2
20199,Wallace,0
20201,Washington,0
20203,Wichita,0
20205,Wilson,1
20207,Woodson,5
20209,Wyandotte,433
21001,Adair,54
21003,Allen,4
21005,Anderson,7
21007,Ballard,4
21009,Barren,7
21011,Bath,3
21013,Bell,0
21015,Boone,86
21017,Bourbon,7
21019,Boyd,29
21021,Boyle,13
21023,Bracken,7
21025,Breathitt,1
21027,Breckinridge,6
21029,Bullitt,33
21031,Butler,74
21033,Caldwell,12
21035,Calloway,22
21037,Campbell,60
21039,Carlisle,0
21041,Carroll,2
21043,Carter,4
21045,Casey,1
21047,Christian,79
21049,Clark,19
21051,Clay,1
21053,Clinton,2
21055,Crittenden,3
21057,Cumberland,3
21059,Daviess,130
21061,Edmonson,7
21063,Elliott,0
21065,Estill,0
21067,Fayette,219
21069,Fleming,2
21071,Floyd,4
21073,Franklin,13
21075,Fulton,1
21077,Gallatin,1
21079,Garrard,1
21081,Grant,17
21083,Graves,68
21085,Grayson,16
21087,Green,1
21089,Greenup,10
21091,Hancock,6
21093,Hardin,30
21095,Harlan,0
21097,Harrison,16
21099,Hart,2
21101,Henderson,36
21103,Henry,4
21105,Hickman,0
21107,Hopkins,144
21109,Jackson,57
21111,Jefferson,925
21113,Jessamine,32
21115,Johnson,1
21117,Kenton,169
21119,Knott,3
21121,Knox,5
21123,Larue,5
21125,Laurel,14
21127,Lawrence,1
21129,Lee,0
21131,Leslie,2
21133,Letcher,1
21135,Lewis,3
21137,Lincoln,4
21139,Livingston,1
21141,Logan,8
21143,Lyon,14
21145,McCracken,30
21147,McCreary,10
21149,McLean,8
21151,Madison,21
21153,Magoffin,0
21155,Marion,13
21157,Marshall,16
21159,Martin,3
21161,Mason,6
21163,Meade,3
21165,Menifee,3
21167,Mercer,10
21169,Metcalfe,0
21171,Monroe,3
21173,Montgomery,9
21175,Morgan,1
21177,Muhlenberg,76
21179,Nelson,13
21181,Nicholas,1
21183,Ohio,17
21185,Oldham,24
21187,Owen,0
21189,Owsley,2
21191,Pendleton,5
21193,Perry,5
21195,Pike,6
21197,Powell,1
21199,Pulaski,36
21201,Robertson,0
21203,Rockcastle,11
21205,Rowan,2
21207,Russell,16
21209,Scott,22
21211,Shelby,24
21213,Simpson,22
21215,Spencer,9
21217,Taylor,4
21219,Todd,9
21221,Trigg,4
21223,Trimble,2
21225,Union,8
21227,Warren,112
21229,Washington,3
21231,Wayne,6
21233,Webster,13
21235,Whitley,8
21237,Wolfe,0
21239,Woodford,18
22001,Acadia,114
22003,Allen,79
22005,Ascension,515
22007,Assumption,151
22009,Avoyelles,69
22011,Beauregard,36
22013,Bienville,66
22015,Bossier,241
22017,Caddo,1310
22019,Calcasieu,334
22021,Caldwell,15
22023,Cameron,3
22025,Catahoula,24
22027,Claiborne,50
22029,Concordia,26
22031,De Soto,168
22033,East Baton Rouge,1560
22035,East Carroll,1
22037,East Feliciana,101
22039,Evangeline,43
22041,Franklin,87
22043,Grant,12
22045,Iberia,195
22047,Iberville,281
22049,Jackson,15
22051,Jefferson,5802
22053,Jefferson Davis,57
22055,Lafayette,429
22057,Lafourche,576
22059,LaSalle,14
22061,Lincoln,52
22063,Livingston,158
22065,Madison,4
22067,Morehouse,39
22069,Natchitoches,58
22071,Orleans,6169
22073,Ouachita,532
22075,Plaquemines,164
22077,Pointe Coupee,80
22079,Rapides,213
22081,Red River,21
22083,Richland,38
22085,Sabine,14
22087,St. Bernard,428
22089,St. Charles,516
22091,St. Helena,21
22093,St. James,228
22095,St. John the Baptist,686
22097,St. Landry,136
22099,St. Martin,193
22101,St. Mary,160
22103,St. Tammany,1067
22105,Tangipahoa,489
22107,Tensas,1
22109,Terrebonne,346
22111,Union,82
22113,Vermilion,33
22115,Vernon,14
22117,Washington,206
22119,Webster,79
22121,West Baton Rouge,90
22123,West Carroll,4
22125,West Feliciana,81
22127,Winn,19
23001,Androscoggin,36
23003,Aroostook,2
23005,Cumberland,386
23007,Franklin,13
23009,Hancock,6
23011,Kennebec,97
23013,Knox,13
23015,Lincoln,12
23017,Oxford,14
23019,Penobscot,46
23021,Piscataquis,1
23023,Sagadahoc,17
23025,Somerset,16
23027,Waldo,43
23029,Washington,2
23031,York,183
24001,Allegany,56
24003,Anne Arundel,1157
24005,Baltimore,1925
24009,Calvert,116
24011,Caroline,41
24013,Carroll,330
24015,Cecil,134
24017,Charles,401
24019,Dorchester,25
24021,Frederick,632
24023,Garrett,4
24025,Harford,232
24027,Howard,565
24029,Kent,29
24031,Montgomery,2768
24033,Prince George's,3734
24035,Queen Anne's,27
24037,St. Mary's,107
24039,Somerset,11
24041,Talbot,22
24043,Washington,126
24045,Wicomico,176
24047,Worcester,33
24510,Baltimore City,1542
25001,Barnstable,672
25003,Berkshire,404
25005,Bristol,1852
25007,Dukes,0
25009,Essex,5521
25011,Franklin,192
25013,Hampden,2533
25015,Hampshire,337
25017,Middlesex,9621
25019,Nantucket,0
25021,Norfolk,4062
25023,Plymouth,3043
25025,Suffolk,8669
25027,Worcester,3341
26001,Alcona,4
26003,Alger,0
26005,Allegan,47
26007,Alpena,35
26009,Antrim,9
26011,Arenac,13
26013,Baraga,0
26015,Barry,26
26017,Bay,86
26019,Benzie,4
26021,Berrien,170
26023,Branch,43
26025,Calhoun,156
26027,Cass,22
26029,Charlevoix,12
26031,Cheboygan,14
26033,Chippewa,2
26035,Clare,9
26037,Clinton,105
26039,Crawford,30
26041,Delta,13
26043,Dickinson,3
26045,Eaton,99
26047,Emmet,21
26049,Genesee,1298
26051,Gladwin,9
26053,Gogebic,4
26055,Grand Traverse,19
26057,Gratiot,8
26059,Hillsdale,94
26061,Houghton,2
26063,Huron,10
26065,Ingham,335
26067,Ionia,26
26069,Iosco,15
26071,Iron,0
26073,Isabella,53
26075,Jackson,280
26077,Kalamazoo,201
26079,Kalkaska,17
26081,Kent,626
26083,Keweenaw,0
26085,Lake,2
26087,Lapeer,148
26089,Leelanau,7
26091,Lenawee,71
26093,Livingston,301
26095,Luce,1
26097,Mackinac,4
26099,Macomb,4544
26101,Manistee,11
26103,Marquette,35
26105,Mason,4
26107,Mecosta,14
26109,Menominee,1
26111,Midland,48
26113,Missaukee,6
26115,Monroe,241
26117,Montcalm,26
26119,Montmorency,4
26121,Muskegon,160
26123,Newaygo,10
26125,Oakland,6306
26127,Oceana,4
26129,Ogemaw,6
26131,Ontonagon,0
26133,Osceola,8
26135,Oscoda,4
26137,Otsego,77
26139,Ottawa,129
26141,Presque Isle,6
26143,Roscommon,11
26145,Saginaw,433
26147,St. Clair,259
26149,St. Joseph,25
26151,Sanilac,32
26153,Schoolcraft,3
26155,Shiawassee,121
26157,Tuscola,63
26159,Van Buren,34
26161,Washtenaw,900
26163,Wayne,13912
26165,Wexford,7
27001,Aitkin,1
27003,Anoka,97
27005,Becker,1
27007,Beltrami,5
27009,Benton,4
27011,Big Stone,1
27013,Blue Earth,24
27015,Brown,8
27017,Carlton,37
27019,Carver,14
27021,Cass,4
27023,Chippewa,1
27025,Chisago,7
27027,Clay,68
27029,Clearwater,3
27031,Cook,0
27033,Cottonwood,6
27035,Crow Wing,20
27037,Dakota,127
27039,Dodge,18
27041,Douglas,2
27043,Faribault,4
27045,Fillmore,11
27047,Freeborn,33
27049,Goodhue,19
27051,Grant,0
27053,Hennepin,1013
27055,Houston,1
27057,Hubbard,0
27059,Isanti,6
27061,Itasca,2
27063,Jackson,2
27065,Kanabec,0
27067,Kandiyohi,3
27069,Kittson,1
27071,Koochiching,1
27073,Lac qui Parle,1
27075,Lake,0
27077,Lake of the Woods,0
27079,Le Sueur,22
27081,Lincoln,2
27083,Lyon,5
27085,McLeod,3
27087,Mahnomen,1
27089,Marshall,1
27091,Martin,41
27093,Meeker,3
27095,Mille Lacs,1
27097,Morrison,1
27099,Mower,26
27101,Murray,3
27103,Nicollet,7
27105,Nobles,101
27107,Norman,5
27109,Olmsted,198
27111,Otter Tail,6
27113,Pennington,1
27115,Pine,12
27117,Pipestone,2
27119,Polk,4
27121,Pope,0
27123,Ramsey,215
27125,Red Lake,1
27127,Redwood,1
27129,Renville,3
27131,Rice,7
27133,Rock,5
27135,Roseau,1
27137,St. Louis,53
27139,Scott,27
27141,Sherburne,13
27143,Sibley,1
27145,Stearns,18
27147,Steele,9
27149,Stevens,0
27151,Swift,1
27153,Todd,3
27155,Traverse,2
27157,Wabasha,8
27159,Wadena,0
27161,Waseca,3
27163,Washington,98
27165,Watonwan,4
27167,Wilkin,9
27169,Winona,61
27171,Wright,27
27173,Yellow Medicine,3
28001,Adams,90
28003,Alcorn,7
28005,Amite,18
28007,Attala,49
28009,Benton,9
28011,Bolivar,86
28013,Calhoun,42
28015,Carroll,14
28017,Chickasaw,51
28019,Choctaw,13
28021,Claiborne,10
28023,Clarke,31
28025,Clay,27
28027,Coahoma,52
28029,Copiah,51
28031,Covington,37
28033,DeSoto,239
28035,Forrest,151
28037,Franklin,17
28039,George,10
28041,Greene,4
28043,Grenada,26
28045,Hancock,53
28047,Harrison,151
28049,Hinds,357
28051,Holmes,61
28053,Humphreys,13
28055,Issaquena,0
28057,Itawamba,26
28059,Jackson,211
28061,Jasper,23
28063,Jefferson,5
28065,Jefferson Davis,12
28067,Jones,80
28069,Kemper,23
28071,Lafayette,68
28073,Lamar,76
28075,Lauderdale,232
28077,Lawrence,20
28079,Leake,99
28081,Lee,64
28083,Leflore,109
28085,Lincoln,109
28087,Lowndes,35
28089,Madison,144
28091,Marion,47
28093,Marshall,39
28095,Monroe,95
28097,Montgomery,17
28099,Neshoba,82
28101,Newton,32
28103,Noxubee,24
28105,Oktibbeha,44
28107,Panola,37
28109,Pearl River,134
28111,Perry,22
28113,Pike,118
28115,Pontotoc,18
28117,Prentiss,27
28119,Quitman,13
28121,Rankin,146
28123,Scott,158
28125,Sharkey,3
28127,Simpson,32
28129,Smith,50
28131,Stone,19
28133,Sunflower,48
28135,Tallahatchie,8
28137,Tate,34
28139,Tippah,49
28141,Tishomingo,4
28143,Tunica,33
28145,Union,12
28147,Walthall,24
28149,Warren,25
28151,Washington,71
28153,Wayne,12
28155,Webster,16
28157,Wilkinson,64
28159,Winston,34
28161,Yalobusha,17
28163,Yazoo,103
29001,Adair,12
29003,Andrew,1
29005,Atchison,2
29007,Audrain,1
29009,Barry,5
29011,Barton,0
29013,Bates,6
29015,Benton,3
29017,Bollinger,3
29019,Boone,96
29021,Buchanan,33
29023,Butler,24
29025,Caldwell,2
29027,Callaway,21
29029,Camden,35
29031,Cape Girardeau,37
29033,Carroll,0
29035,Carter,3
29037,Cass,54
29039,Cedar,5
29041,Chariton,4
29043,Christian,19
29045,Clark,1
29047,Clay,61
29049,Clinton,11
29051,Cole,46
29053,Cooper,5
29055,Crawford,5
29057,Dade,0
29059,Dallas,2
29061,Daviess,2
29063,DeKalb,3
29065,Dent,0
29067,Douglas,0
29069,Dunklin,19
29071,Franklin,102
29073,Gasconade,2
29075,Gentry,1
29077,Greene,92
29079,Grundy,0
29081,Harrison,6
29083,Henry,6
29085,Hickory,0
29087,Holt,1
29089,Howard,2
29091,Howell,5
29093,Iron,2
29095,Jackson,279
29097,Jasper,29
29099,Jefferson,231
29101,Johnson,52
29103,Knox,0
29105,Laclede,0
29107,Lafayette,30
29109,Lawrence,0
29111,Lewis,1
29113,Lincoln,59
29115,Linn,5
29117,Livingston,2
29119,McDonald,4
29121,Macon,2
29123,Madison,1
29125,Maries,2
29127,Marion,3
29129,Mercer,0
29131,Miller,1
29133,Mississippi,0
29135,Moniteau,53
29137,Monroe,0
29139,Montgomery,7
29141,Morgan,2
29143,New Madrid,9
29145,Newton,10
29147,Nodaway,3
29149,Oregon,1
29151,Osage,5
29153,Ozark,0
29155,Pemiscot,13
29157,Perry,38
29159,Pettis,14
29161,Phelps,1
29163,Pike,6
29165,Platte,27
29167,Polk,1
29169,Pulaski,31
29171,Putnam,0
29173,Ralls,1
29175,Randolph,8
29177,Ray,7
29179,Reynolds,2
29181,Ripley,3
29183,St. Charles,469
29185,St. Clair,2
29186,Ste. Genevieve,7
29187,St. Francois,24
29189,St. Louis,2349
29195,Saline,72
29197,Schuyler,0
29199,Scotland,4
29201,Scott,52
29203,Shannon,0
29205,Shelby,1
29207,Stoddard,19
29209,Stone,3
29211,Sullivan,0
29213,Taney,9
29215,Texas,0
29217,Vernon,4
29219,Warren,22
29221,Washington,6
29223,Wayne,0
29225,Webster,10
29227,Worth,1
29229,Wright,9
29510,St. Louis City,882
30001,Beaverhead,1
30003,Big Horn,3
30005,Blaine,0
30007,Broadwater,4
30009,Carbon,6
30011,Carter,0
30013,Cascade,13
30015,Chouteau,0
30017,Custer,0
30019,Daniels,0
30021,Dawson,0
30023,Deer Lodge,3
30025,Fallon,0
30027,Fergus,0
30029,Flathead,37
30031,Gallatin,145
30033,Garfield,0
30035,Glacier,4
30037,Golden Valley,3
30039,Granite,0
30041,Hill,1
30043,Jefferson,2
30045,Judith Basin,0
30047,Lake,5
30049,Lewis and Clark,16
30051,Liberty,1
30053,Lincoln,7
30055,McCone,0
30057,Madison,8
30059,Meagher,1
30061,Mineral,0
30063,Missoula,38
30065,Musselshell,1
30067,Park,7
30069,Petroleum,0
30071,Phillips,0
30073,Pondera,2
30075,Powder River,0
30077,Powell,0
30079,Prairie,0
30081,Ravalli,5
30083,Richland,3
30085,Roosevelt,7
30087,Rosebud,0
30089,Sanders,0
30091,Sheridan,0
30093,Silver Bow,11
30095,Stillwater,1
30097,Sweet Grass,0
30099,Teton,0
30101,Toole,29
30103,Treasure,0
30105,Valley,0
30107,Wheatland,0
30109,Wibaux,0
30111,Yellowstone,73
31001,Adams,101
31003,Antelope,1
31005,Arthur,0
31007,Banner,0
31009,Blaine,0
31011,Boone,0
31013,Box Butte,1
31015,Boyd,0
31017,Brown,0
31019,Buffalo,55
31021,Burt,1
31023,Butler,1
31025,Cass,4
31027,Cedar,0
31029,Chase,0
31031,Cherry,1
31033,Cheyenne,4
31035,Clay,5
31037,Colfax,5
31039,Cuming,2
31041,Custer,20
31043,Dakota,73
31045,Dawes,0
31047,Dawson,175
31049,Deuel,0
31051,Dixon,1
31053,Dodge,18
31055,Douglas,296
31057,Dundy,0
31059,Fillmore,0
31061,Franklin,3
31063,Frontier,0
31065,Furnas,2
31067,Gage,28
31069,Garden,0
31071,Garfield,0
31073,Gosper,6
31075,Grant,0
31077,Greeley,0
31079,Hall,554
31081,Hamilton,22
31083,Harlan,0
31085,Hayes,0
31087,Hitchcock,0
31089,Holt,0
31091,Hooker,0
31093,Howard,4
31095,Jefferson,0
31097,Johnson,2
31099,Kearney,4
31101,Keith,0
31103,Keya Paha,0
31105,Kimball,9
31107,Knox,2
31109,Lancaster,92
31111,Lincoln,18
31113,Logan,0
31115,Loup,0
31117,McPherson,0
31119,Madison,14
31121,Merrick,9
31123,Morrill,1
31125,Nance,1
31127,Nemaha,1
31129,Nuckolls,0
31131,Otoe,1
31133,Pawnee,0
31135,Perkins,0
31137,Phelps,1
31139,Pierce,1
31141,Platte,8
31143,Polk,6
31145,Red Willow,1
31147,Richardson,0
31149,Rock,0
31151,Saline,11
31153,Sarpy,55
31155,Saunders,6
31157,Scotts Bluff,22
31159,Seward,4
31161,Sheridan,0
31163,Sherman,0
31165,Sioux,0
31167,Stanton,2
31169,Thayer,0
31171,Thomas,0
31173,Thurston,0
31175,Valley,0
31177,Washington,21
31179,Wayne,1
31181,Webster,2
31183,Wheeler,0
31185,York,7
32001,Churchill,3
32003,Clark,3099
32005,Douglas,15
32007,Elko,12
32009,Esmeralda,0
32011,Eureka,0
32013,Humboldt,34
32015,Lander,0
32017,Lincoln,0
32019,Lyon,18
32021,Mineral,0
32023,Nye,29
32027,Pershing,0
32029,Storey,0
32031,Washoe,662
32033,White Pine,3
32510,Carson City,28
33001,Belknap,28
33003,Carroll,30
33005,Cheshire,30
33007,Coos,2
33009,Grafton,45
33011,Hillsborough,626
33013,Merrimack,101
33015,Rockingham,493
33017,Strafford,111
33019,Sullivan,10
34001,Atlantic,469
34003,Bergen,13356
34005,Burlington,1765
34007,Camden,2379
34009,Cape May,217
34011,Cumberland,360
34013,Essex,11128
34015,Gloucester,808
34017,Hudson,11221
34019,Hunterdon,423
34021,Mercer,2591
34023,Middlesex,8346
34025,Monmouth,4787
34027,Morris,4236
34029,Ocean,4868
34031,Passaic,8479
34033,Salem,120
34035,Somerset,2488
34037,Sussex,688
34039,Union,9972
34041,Warren,613
35001,Bernalillo,566
35003,Catron,1
35005,Chaves,21
35006,Cibola,33
35007,Colfax,5
35009,Curry,10
35011,De Baca,0
35013,Dona Ana,73
35015,Eddy,10
35017,Grant,14
35019,Guadalupe,1
35021,Harding,0
35023,Hidalgo,0
35025,Lea,2
35027,Lincoln,1
35028,Los Alamos,6
35029,Luna,3
35031,McKinley,416
35033,Mora,0
35035,Otero,3
35037,Quay,3
35039,Rio Arriba,11
35041,Roosevelt,1
35043,Sandoval,317
35045,San Juan,293
35047,San Miguel,2
35049,Santa Fe,86
35051,Sierra,0
35053,Socorro,31
35055,Taos,16
35057,Torrance,13
35059,Union,0
35061,Valencia,33
36001,Albany,704
36003,Allegany,30
36005,Bronx,0
36007,Broome,205
36009,Cattaraugus,35
36011,Cayuga,36
36013,Chautauqua,25
36015,Chemung,75
36017,Chenango,79
36019,Clinton,56
36021,Columbia,120
36023,Cortland,25
36025,Delaware,62
36027,Dutchess,2331
36029,Erie,2284
36031,Essex,21
36033,Franklin,13
36035,Fulton,27
36037,Genesee,121
36039,Greene,87
36041,Hamilton,3
36043,Herkimer,50
36045,Jefferson,54
36047,Kings,0
36049,Lewis,9
36051,Livingston,39
36053,Madison,117
36055,Monroe,1070
36057,Montgomery,37
36059,Nassau,31079
36061,New York,139348
36063,Niagara,260
36065,Oneida,284
36067,Onondaga,646
36069,Ontario,72
36071,Orange,7029
36073,Orleans,53
36075,Oswego,52
36077,Otsego,49
36079,Putnam,807
36081,Queens,0
36083,Rensselaer,186
36085,Richmond,0
36087,Rockland,9568
36089,St. Lawrence,120
36091,Saratoga,272
36093,Schenectady,336
36095,Schoharie,20
36097,Schuyler,8
36099,Seneca,18
36101,Steuben,195
36103,Suffolk,28701
36105,Sullivan,592
36107,Tioga,37
36109,Tompkins,123
36111,Ulster,1018
36113,Warren,102
36115,Washington,68
36117,Wayne,51
36119,Westchester,24656
36121,Wyoming,44
36123,Yates,10
37001,Alamance,58
37003,Alexander,4
37005,Alleghany,2
37007,Anson,19
37009,Ashe,4
37011,Avery,0
37013,Beaufort,15
37015,Bertie,25
37017,Bladen,4
37019,Brunswick,38
37021,Buncombe,48
37023,Burke,75
37025,Cabarrus,223
37027,Caldwell,23
37029,Camden,0
37031,Carteret,24
37033,Caswell,8
37035,Catawba,46
37037,Chatham,131
37039,Cherokee,18
37041,Chowan,6
37043,Clay,6
37045,Cleveland,44
37047,Columbus,61
37049,Craven,36
37051,Cumberland,127
37053,Currituck,3
37055,Dare,15
37057,Davidson,96
37059,Davie,24
37061,Duplin,32
37063,Durham,439
37065,Edgecombe,58
37067,Forsyth,131
37069,Franklin,74
37071,Gaston,120
37073,Gates,4
37075,Graham,0
37077,Granville,114
37079,Greene,14
37081,Guilford,201
37083,Halifax,36
37085,Harnett,62
37087,Haywood,5
37089,Henderson,129
37091,Hertford,10
37093,Hoke,25
37095,Hyde,0
37097,Iredell,88
37099,Jackson,5
37101,Johnston,123
37103,Jones,9
37105,Lee,45
37107,Lenoir,27
37109,Lincoln,22
37111,McDowell,21
37113,Macon,2
37115,Madison,0
37117,Martin,11
37119,Mecklenburg,1255
37121,Mitchell,7
37123,Montgomery,18
37125,Moore,95
37127,Nash,67
37129,New Hanover,69
37131,Northampton,74
37133,Onslow,38
37135,Orange,189
37137,Pamlico,6
37139,Pasquotank,32
37141,Pender,9
37143,Perquimans,8
37145,Person,18
37147,Pitt,96
37149,Polk,10
37151,Randolph,78
37153,Richmond,20
37155,Robeson,34
37157,Rockingham,20
37159,Rowan,256
37161,Rutherford,84
37163,Sampson,22
37165,Scotland,13
37167,Stanly,21
37169,Stokes,10
37171,Surry,17
37173,Swain,0
37175,Transylvania,8
37177,Tyrrell,4
37179,Union,171
37181,Vance,34
37183,Wake,613
37185,Warren,3
37187,Washington,22
37189,Watauga,8
37191,Wayne,581
37193,Wilkes,5
37195,Wilson,118
37197,Yadkin,11
37199,Yancey,0
38001,Adams,0
38003,Barnes,3
38005,Benson,0
38007,Billings,0
38009,Bottineau,0
38011,Bowman,1
38013,Burke,2
38015,Burleigh,63
38017,Cass,255
38019,Cavalier,0
38021,Dickey,0
38023,Divide,1
38025,Dunn,10
38027,Eddy,1
38029,Emmons,1
38031,Foster,1
38033,Golden Valley,0
38035,Grand Forks,143
38037,Grant,1
38039,Griggs,0
38041,Hettinger,0
38043,Kidder,0
38045,LaMoure,0
38047,Logan,0
38049,McHenry,1
38051,McIntosh,1
38053,McKenzie,10
38055,McLean,3
38057,Mercer,0
38059,Morton,23
38061,Mountrail,31
38063,Nelson,1
38065,Oliver,1
38067,Pembina,0
38069,Pierce,2
38071,Ramsey,3
38073,Ransom,0
38075,Renville,0
38077,Richland,5
38079,Rolette,1
38081,Sargent,1
38083,Sheridan,0
38085,Sioux,2
38087,Slope,3
38089,Stark,39
38091,Steele,0
38093,Stutsman,3
38095,Towner,0
38097,Traill,0
38099,Walsh,3
38101,Ward,20
38103,Wells,0
38105,Williams,9
39001,Adams,3
39003,Allen,88
39005,Ashland,5
39007,Ashtabula,70
39009,Athens,3
39011,Auglaize,23
39013,Belmont,84
39015,Brown,9
39017,Butler,184
39019,Carroll,16
39021,Champaign,7
39023,Clark,28
39025,Clermont,74
39027,Clinton,26
39029,Columbiana,185
39031,Coshocton,16
39033,Crawford,37
39035,Cuyahoga,1653
39037,Darke,58
39039,Defiance,15
39041,Delaware,127
39043,Erie,37
39045,Fairfield,101
39047,Fayette,13
39049,Franklin,1557
39051,Fulton,16
39053,Gallia,6
39055,Geauga,113
39057,Greene,39
39059,Guernsey,12
39061,Hamilton,768
39063,Hancock,29
39065,Hardin,20
39067,Harrison,2
39069,Henry,4
39071,Highland,7
39073,Hocking,5
39075,Holmes,4
39077,Huron,23
39079,Jackson,4
39081,Jefferson,31
39083,Knox,13
39085,Lake,139
39087,Lawrence,23
39089,Licking,102
39091,Logan,13
39093,Lorain,320
39095,Lucas,853
39097,Madison,30
39099,Mahoning,621
39101,Marion,2132
39103,Medina,142
39105,Meigs,2
39107,Mercer,13
39109,Miami,133
39111,Monroe,2
39113,Montgomery,237
39115,Morgan,3
39117,Morrow,24
39119,Muskingum,9
39121,Noble,3
39123,Ottawa,32
39125,Paulding,5
39127,Perry,10
39129,Pickaway,1635
39131,Pike,2
39133,Portage,186
39135,Preble,25
39137,Putnam,22
39139,Richland,66
39141,Ross,30
39143,Sandusky,17
39145,Scioto,6
39147,Seneca,11
39149,Shelby,28
39151,Stark,251
39153,Summit,385
39155,Trumbull,257
39157,Tuscarawas,34
39159,Union,16
39161,Van Wert,3
39163,Vinton,0
39165,Warren,117
39167,Washington,69
39169,Wayne,82
39171,Williams,8
39173,Wood,92
39175,Wyandot,20
40001,Adair,47
40003,Alfalfa,1
40005,Atoka,1
40007,Beaver,1
40009,Beckham,2
40011,Blaine,0
40013,Bryan,6
40015,Caddo,52
40017,Canadian,76
40019,Carter,1
40021,Cherokee,24
40023,Choctaw,3
40025,Cimarron,1
40027,Cleveland,345
40029,Coal,0
40031,Comanche,72
40033,Cotton,5
40035,Craig,8
40037,Creek,69
40039,Custer,10
40041,Delaware,87
40043,Dewey,2
40045,Ellis,0
40047,Garfield,11
40049,Garvin,12
40051,Grady,23
40053,Grant,2
40055,Greer,57
40057,Harmon,0
40059,Harper,1
40061,Haskell,3
40063,Hughes,0
40065,Jackson,8
40067,Jefferson,2
40069,Johnston,3
40071,Kay,46
40073,Kingfisher,6
40075,Kiowa,3
40077,Latimer,4
40079,Le Flore,7
40081,Lincoln,10
40083,Logan,10
40085,Love,2
40087,McClain,23
40089,McCurtain,8
40091,McIntosh,2
40093,Major,2
40095,Marshall,2
40097,Mayes,19
40099,Murray,1
40101,Muskogee,26
40103,Noble,6
40105,Nowata,13
40107,Okfuskee,1
40109,Oklahoma,590
40111,Okmulgee,15
40113,Osage,65
40115,Ottawa,27
40117,Pawnee,28
40119,Payne,39
40121,Pittsburg,20
40123,Pontotoc,10
40125,Pottawatomie,36
40127,Pushmataha,0
40129,Roger Mills,0
40131,Rogers,40
40133,Seminole,9
40135,Sequoyah,10
40137,Stephens,19
40139,Texas,32
40141,Tillman,1
40143,Tulsa,432
40145,Wagoner,112
40147,Washington,192
40149,Washita,0
40151,Woods,3
40153,Woodward,1
41001,Baker,0
41003,Benton,28
41005,Clackamas,173
41007,Clatsop,6
41009,Columbia,14
41011,Coos,2
41013,Crook,1
41015,Curry,4
41017,Deschutes,64
41019,Douglas,23
41021,Gilliam,0
41023,Grant,1
41025,Harney,0
41027,Hood River,4
41029,Jackson,48
41031,Jefferson,1
41033,Josephine,19
41035,Klamath,33
41037,Lake,0
41039,Lane,48
41041,Lincoln,5
41043,Linn,62
41045,Malheur,5
41047,Marion,381
41049,Morrow,5
41051,Multnomah,542
41053,Polk,33
41055,Sherman,1
41057,Tillamook,6
41059,Umatilla,29
41061,Union,4
41063,Wallowa,1
41065,Wasco,11
41067,Washington,415
41069,Wheeler,0
41071,Yamhill,35
42001,Adams,91
42003,Allegheny,1059
42005,Armstrong,38
42007,Beaver,303
42009,Bedford,16
42011,Berks,1988
42013,Blair,14
42015,Bradford,31
42017,Bucks,1977
42019,Butler,162
42021,Cambria,20
42023,Cameron,1
42025,Carbon,150
42027,Centre,77
42029,Chester,943
42031,Clarion,18
42033,Clearfield,11
42035,Clinton,11
42037,Columbia,225
42039,Crawford,17
42041,Cumberland,194
42043,Dauphin,400
42045,Delaware,2654
42047,Elk,2
42049,Erie,60
42051,Fayette,69
42053,Forest,7
42055,Franklin,143
42057,Fulton,2
42059,Greene,25
42061,Huntingdon,13
42063,Indiana,55
42065,Jefferson,3
42067,Juniata,72
42069,Lackawanna,666
42071,Lancaster,1295
42073,Lawrence,60
42075,Lebanon,525
42077,Lehigh,2295
42079,Luzerne,1800
42081,Lycoming,42
42083,McKean,5
42085,Mercer,59
42087,Mifflin,21
42089,Monroe,995
42091,Montgomery,3154
42093,Montour,47
42095,Northampton,1544
42097,Northumberland,77
42099,Perry,20
42101,Philadelphia,10028
42103,Pike,314
42105,Potter,4
42107,Schuylkill,277
42109,Snyder,30
42111,Somerset,19
42113,Sullivan,1
42115,Susquehanna,71
42117,Tioga,15
42119,Union,29
42121,Venango,6
42123,Warren,2
42125,Washington,86
42127,Wayne,86
42129,Westmoreland,291
42131,Wyoming,17
42133,York,517
44001,Bristol,68
44003,Kent,386
44005,Newport,110
44007,Providence,3727
44009,Washington,209
45001,Abbeville,17
45003,Aiken,70
45005,Allendale,6
45007,Anderson,134
45009,Bamberg,7
45011,Barnwell,6
45013,Beaufort,225
45015,Berkeley,138
45017,Calhoun,6
45019,Charleston,391
45021,Cherokee,14
45023,Chester,25
45025,Chesterfield,36
45027,Clarendon,120
45029,Colleton,23
45031,Darlington,69
45033,Dillon,22
45035,Dorchester,83
45037,Edgefield,12
45039,Fairfield,25
45041,Florence,153
45043,Georgetown,34
45045,Greenville,498
45047,Greenwood,37
45049,Hampton,21
45051,Horry,185
45053,Jasper,15
45055,Kershaw,201
45057,Lancaster,79
45059,Laurens,20
45061,Lee,42
45063,Lexington,274
45065,McCormick,6
45067,Marion,15
45069,Marlboro,29
45071,Newberry,20
45073,Oconee,17
45075,Orangeburg,44
45077,Pickens,38
45079,Richland,657
45081,Saluda,12
45083,Spartanburg,219
45085,Sumter,185
45087,Union,24
45089,Williamsburg,26
45091,York,159
46003,Aurora,1
46005,Beadle,21
46007,Bennett,0
46009,Bon Homme,4
46011,Brookings,9
46013,Brown,20
46015,Brule,0
46017,Buffalo,0
46019,Butte,0
46021,Campbell,0
46023,Charles Mix,4
46025,Clark,1
46027,Clay,5
46029,Codington,13
46031,Corson,1
46033,Custer,0
46035,Davison,4
46037,Day,0
46039,Deuel,1
46041,Dewey,0
46043,Douglas,0
46045,Edmunds,0
46047,Fall River,1
46049,Faulk,1
46051,Grant,0
46053,Gregory,0
46055,Haakon,0
46057,Hamlin,2
46059,Hand,0
46061,Hanson,0
46063,Harding,0
46065,Hughes,5
46067,Hutchinson,2
46069,Hyde,1
46071,Jackson,0
46073,Jerauld,4
46075,Jones,0
46077,Kingsbury,0
46079,Lake,3
46081,Lawrence,9
46083,Lincoln,99
46085,Lyman,2
46087,McCook,3
46089,McPherson,0
46091,Marshall,1
46093,Meade,1
46095,Mellette,0
46097,Miner,1
46099,Minnehaha,1469
46101,Moody,2
46102,Oglala Lakota,1
46103,Pennington,11
46105,Perkins,0
46107,Potter,0
46109,Roberts,4
46111,Sanborn,3
46115,Spink,3
46117,Stanley,0
46119,Sully,1
46121,Todd,1
46123,Tripp,0
46125,Turner,6
46127,Union,7
46129,Walworth,5
46135,Yankton,23
46137,Ziebach,0
47001,Anderson,21
47003,Bedford,105
47005,Benton,4
47007,Bledsoe,11
47009,Blount,46
47011,Bradley,37
47013,Campbell,13
47015,Cannon,8
47017,Carroll,14
47019,Carter,5
47021,Cheatham,22
47023,Chester,9
47025,Claiborne,5
47027,Clay,5
47029,Cocke,11
47031,Coffee,21
47033,Crockett,6
47035,Cumberland,59
47037,Davidson,1719
47039,Decatur,4
47041,DeKalb,12
47043,Dickson,46
47045,Dyer,28
47047,Fayette,48
47049,Fentress,4
47051,Franklin,27
47053,Gibson,32
47055,Giles,6
47057,Grainger,4
47059,Greene,37
47061,Grundy,26
47063,Hamblen,13
47065,Hamilton,124
47067,Hancock,0
47069,Hardeman,8
47071,Hardin,4
47073,Hawkins,28
47075,Haywood,13
47077,Henderson,5
47079,Henry,9
47081,Hickman,3
47083,Houston,4
47085,Humphreys,6
47087,Jackson,6
47089,Jefferson,16
47091,Johnson,2
47093,Knox,196
47095,Lake,4
47097,Lauderdale,16
47099,Lawrence,16
47101,Lewis,2
47103,Lincoln,11
47105,Loudon,23
47107,McMinn,6
47109,McNairy,9
47111,Macon,34
47113,Madison,90
47115,Marion,28
47117,Marshall,22
47119,Maury,34
47121,Meigs,3
47123,Monroe,11
47125,Montgomery,124
47127,Moore,2
47129,Morgan,5
47131,Obion,9
47133,Overton,7
47135,Perry,6
47137,Pickett,0
47139,Polk,5
47141,Putnam,95
47143,Rhea,3
47145,Roane,8
47147,Robertson,117
47149,Rutherford,338
47151,Scott,12
47153,Sequatchie,3
47155,Sevier,29
47157,Shelby,1873
47159,Smith,14
47161,Stewart,6
47163,Sullivan,45
47165,Sumner,530
47167,Tipton,83
47169,Trousdale,23
47171,Unicoi,1
47173,Union,3
47175,Van Buren,1
47177,Warren,4
47179,Washington,46
47181,Wayne,2
47183,Weakley,8
47185,White,4
47187,Williamson,359
47189,Wilson,187
48001,Anderson,10
48003,Andrews,19
48005,Angelina,30
48007,Aransas,2
48009,Archer,0
48011,Armstrong,1
48013,Atascosa,14
48015,Austin,12
48017,Bailey,0
48019,Bandera,4
48021,Bastrop,49
48023,Baylor,0
48025,Bee,5
48027,Bell,135
48029,Bexar,1029
48031,Blanco,5
48033,Borden,0
48035,Bosque,3
48037,Bowie,64
48039,Brazoria,333
48041,Brazos,170
48043,Brewster,0
48045,Briscoe,0
48047,Brooks,0
48049,Brown,13
48051,Burleson,9
48053,Burnet,13
48055,Caldwell,9
48057,Calhoun,21
48059,Callahan,1
48061,Cameron,310
48063,Camp,6
48065,Carson,1
48067,Cass,13
48069,Castro,11
48071,Chambers,35
48073,Cherokee,10
48075,Childress,1
48077,Clay,3
48079,Cochran,0
48081,Coke,0
48083,Coleman,0
48085,Collin,570
48087,Collingsworth,0
48089,Colorado,9
48091,Comal,43
48093,Comanche,4
48095,Concho,1
48097,Cooke,4
48099,Coryell,84
48101,Cottle,0
48103,Crane,2
48105,Crockett,0
48107,Crosby,1
48109,Culberson,0
48111,Dallam,3
48113,Dallas,2512
48115,Dawson,14
48117,Deaf Smith,14
48119,Delta,1
48121,Denton,598
48123,DeWitt,14
48125,Dickens,1
48127,Dimmit,1
48129,Donley,24
48131,Duval,1
48133,Eastland,3
48135,Ector,60
48137,Edwards,0
48139,Ellis,100
48141,El Paso,540
48143,Erath,13
48145,Falls,1
48147,Fannin,9
48149,Fayette,15
48151,Fisher,0
48153,Floyd,2
48155,Foard,0
48157,Fort Bend,808
48159,Franklin,1
48161,Freestone,3
48163,Frio,1
48165,Gaines,2
48167,Galveston,468
48169,Garza,0
48171,Gillespie,1
48173,Glasscock,0
48175,Goliad,6
48177,Gonzales,2
48179,Gray,20
48181,Grayson,19
48183,Gregg,52
48185,Grimes,10
48187,Guadalupe,60
48189,Hale,15
48191,Hall,0
48193,Hamilton,5
48195,Hansford,1
48197,Hardeman,0
48199,Hardin,88
48201,Harris,5143
48203,Harrison,59
48205,Hartley,1
48207,Haskell,0
48209,Hays,128
48211,Hemphill,1
48213,Henderson,19
48215,Hidalgo,268
48217,Hill,11
48219,Hockley,16
48221,Hood,17
48223,Hopkins,4
48225,Houston,3
48227,Howard,1
48229,Hudspeth,0
48231,Hunt,35
48233,Hutchinson,9
48235,Irion,0
48237,Jack,4
48239,Jackson,6
48241,Jasper,13
48243,Jeff Davis,0
48245,Jefferson,196
48247,Jim Hogg,0
48249,Jim Wells,2
48251,Johnson,44
48253,Jones,4
48255,Karnes,3
48257,Kaufman,48
48259,Kendall,14
48261,Kenedy,0
48263,Kent,0
48265,Kerr,4
48267,Kimble,0
48269,King,0
48271,Kinney,0
48273,Kleberg,6
48275,Knox,1
48277,Lamar,7
48279,Lamb,2
48281,Lampasas,2
48283,La Salle,1
48285,Lavaca,4
48287,Lee,2
48289,Leon,5
48291,Liberty,33
48293,Limestone,11
48295,Lipscomb,0
48297,Live Oak,3
48299,Llano,3
48301,Loving,0
48303,Lubbock,445
48305,Lynn,5
48307,McCulloch,3
48309,McLennan,77
48311,McMullen,0
48313,Madison,2
48315,Marion,6
48317,Martin,2
48319,Mason,1
48321,Matagorda,56
48323,Maverick,15
48325,Medina,15
48327,Menard,0
48329,Midland,64
48331,Milam,12
48333,Mills,0
48335,Mitchell,1
48337,Montague,6
48339,Montgomery,393
48341,Moore,139
48343,Morris,5
48345,Motley,1
48347,Nacogdoches,96
48349,Navarro,23
48351,Newton,2
48353,Nolan,0
48355,Nueces,90
48357,Ochiltree,0
48359,Oldham,3
48361,Orange,58
48363,Palo Pinto,7
48365,Panola,55
48367,Parker,21
48369,Parmer,2
48371,Pecos,5
48373,Polk,15
48375,Potter,160
48377,Presidio,0
48379,Rains,2
48381,Randall,115
48383,Reagan,0
48385,Real,0
48387,Red River,1
48389,Reeves,2
48391,Refugio,0
48393,Roberts,2
48395,Robertson,2
48397,Rockwall,41
48399,Runnels,0
48401,Rusk,29
48403,Sabine,1
48405,San Augustine,14
48407,San Jacinto,10
48409,San Patricio,8
48411,San Saba,0
48413,Schleicher,0
48415,Scurry,2
48417,Shackelford,0
48419,Shelby,69
48421,Sherman,7
48423,Smith,124
48425,Somervell,0
48427,Starr,7
48429,Stephens,1
48431,Sterling,0
48433,Stonewall,0
48435,Sutton,0
48437,Swisher,5
48439,Tarrant,1333
48441,Taylor,144
48443,Terrell,0
48445,Terry,10
48447,Throckmorton,0
48449,Titus,11
48451,Tom Green,41
48453,Travis,1174
48455,Trinity,8
48457,Tyler,6
48459,Upshur,10
48461,Upton,0
48463,Uvalde,6
48465,Val Verde,12
48467,Van Zandt,13
48469,Victoria,95
48471,Walker,114
48473,Waller,24
48475,Ward,0
48477,Washington,68
48479,Webb,281
48481,Wharton,36
48483,Wheeler,0
48485,Wichita,60
48487,Wilbarger,1
48489,Willacy,9
48491,Williamson,156
48493,Wilson,22
48495,Winkler,3
48497,Wise,12
48499,Wood,6
48501,Yoakum,1
48503,Young,4
48505,Zapata,6
48507,Zavala,1
49001,Beaver,0
49003,Box Elder,0
49005,Cache,0
49007,Carbon,0
49009,Daggett,0
49011,Davis,243
49013,Duchesne,0
49015,Emery,0
49017,Garfield,0
49019,Grand,0
49021,Iron,0
49023,Juab,0
49025,Kane,0
49027,Millard,0
49029,Morgan,0
49031,Piute,0
49033,Rich,0
49035,Salt Lake,1714
49037,San Juan,34
49039,Sanpete,0
49041,Sevier,0
49043,Summit,335
49045,Tooele,41
49047,Uintah,0
49049,Utah,523
49051,Wasatch,122
49053,Washington,0
49055,Wayne,0
49057,Weber,0
50001,Addison,61
50003,Bennington,37
50005,Caledonia,12
50007,Chittenden,391
50009,Essex,2
50011,Franklin,92
50013,Grand Isle,3
50015,Lamoille,23
50017,Orange,6
50019,Orleans,9
50021,Rutland,44
50023,Washington,32
50025,Windham,65
50027,Windsor,38
51001,Accomack,52
51003,Albemarle,66
51005,Alleghany,5
51007,Amelia,15
51009,Amherst,10
51011,Appomattox,7
51013,Arlington,625
51015,Augusta,28
51017,Bath,0
51019,Bedford,19
51021,Bland,0
51023,Botetourt,25
51025,Brunswick,12
51027,Buchanan,12
51029,Buckingham,27
51031,Campbell,10
51033,Caroline,17
51035,Carroll,3
51036,Charles City,11
51037,Charlotte,8
51041,Chesterfield,346
51043,Clarke,6
51045,Craig,2
51047,Culpeper,65
51049,Cumberland,10
51051,Dickenson,0
51053,Dinwiddie,8
51057,Essex,2
51059,Fairfax,2077
51061,Fauquier,49
51063,Floyd,1
51065,Fluvanna,68
51067,Franklin,16
51069,Frederick,83
51071,Giles,4
51073,Gloucester,21
51075,Goochland,62
51077,Grayson,0
51079,Greene,8
51081,Greensville,23
51083,Halifax,12
51085,Hanover,93
51087,Henrico,621
51089,Henry,10
51091,Highland,0
51093,Isle of Wight,88
51095,James City,146
51097,King and Queen,2
51099,King George,19
51101,King William,2
51103,Lancaster,1
51105,Lee,7
51107,Loudoun,468
51109,Louisa,35
51111,Lunenburg,3
51113,Madison,12
51115,Mathews,3
51117,Mecklenburg,68
51119,Middlesex,3
51121,Montgomery,48
51125,Nelson,6
51127,New Kent,20
51131,Northampton,7
51133,Northumberland,5
51135,Nottoway,8
51137,Orange,21
51139,Page,14
51141,Patrick,1
51143,Pittsylvania,7
51145,Powhatan,8
51147,Prince Edward,19
51149,Prince George,28
51153,Prince William,867
51155,Pulaski,8
51157,Rappahannock,1
51159,Richmond,53
51161,Roanoke,25
51163,Rockbridge,5
51165,Rockingham,122
51167,Russell,2
51169,Scott,5
51171,Shenandoah,45
51173,Smyth,13
51175,Southampton,18
51177,Spotsylvania,79
51179,Stafford,164
51181,Surry,4
51183,Sussex,23
51185,Tazewell,4
51187,Warren,26
51191,Washington,29
51193,Westmoreland,10
51195,Wise,18
51197,Wythe,10
51199,York,43
51510,Alexandria,462
51520,Bristol,1
51530,Buena Vista,5
51540,Charlottesville,41
51550,Chesapeake,176
51570,Colonial Heights,36
51580,Covington,1
51590,Danville,29
51595,Emporia,12
51600,Fairfax City,22
51610,Falls Church,24
51620,Franklin City,12
51630,Fredericksburg,17
51640,Galax,1
51650,Hampton,92
51660,Harrisonburg,264
51670,Hopewell,16
51678,Lexington,3
51680,Lynchburg,43
51683,Manassas,110
51685,Manassas Park,31
51690,Martinsville,0
51700,Newport News,101
51710,Norfolk,118
51720,Norton,2
51730,Petersburg,24
51735,Poquoson,6
51740,Portsmouth,82
51750,Radford,1
51760,Richmond City,246
51770,Roanoke City,25
51775,Salem,6
51790,Staunton,10
51800,Suffolk,111
51810,Virginia Beach,288
51820,Waynesboro,8
51830,Williamsburg,15
51840,Winchester,27
53001,Adams,43
53003,Asotin,13
53005,Benton,326
53007,Chelan,81
53009,Clallam,14
53011,Clark,306
53013,Columbia,1
53015,Cowlitz,32
53017,Douglas,59
53019,Ferry,1
53021,Franklin,192
53023,Garfield,0
53025,Grant,143
53027,Grays Harbor,12
53029,Island,166
53031,Jefferson,28
53033,King,5293
53035,Kitsap,138
53037,Kittitas,14
53039,Klickitat,16
53041,Lewis,21
53043,Lincoln,2
53045,Mason,22
53047,Okanogan,14
53049,Pacific,3
53051,Pend Oreille,2
53053,Pierce,1219
53055,San Juan,15
53057,Skagit,252
53059,Skamania,3
53061,Snohomish,2189
53063,Spokane,315
53065,Stevens,8
53067,Thurston,94
53069,Wahkiakum,2
53071,Walla Walla,33
53073,Whatcom,280
53075,Whitman,13
53077,Yakima,868
54001,Barbour,4
54003,Berkeley,113
54005,Boone,2
54007,Braxton,1
54009,Brooke,3
54011,Cabell,34
54013,Calhoun,0
54015,Clay,0
54017,Doddridge,0
54019,Fayette,5
54021,Gilmer,0
54023,Grant,1
54025,Greenbrier,3
54027,Hampshire,6
54029,Hancock,7
54031,Hardy,3
54033,Harrison,30
54035,Jackson,101
54037,Jefferson,61
54039,Kanawha,133
54041,Lewis,2
54043,Lincoln,1
54045,Logan,8
54047,McDowell,6
54049,Marion,44
54051,Marshall,8
54053,Mason,11
54055,Mercer,8
54057,Mineral,8
54059,Mingo,2
54061,Monongalia,89
54063,Monroe,5
54065,Morgan,9
54067,Nicholas,4
54069,Ohio,22
54071,Pendleton,2
54073,Pleasants,2
54075,Pocahontas,0
54077,Preston,10
54079,Putnam,14
54081,Raleigh,7
54083,Randolph,4
54085,Ritchie,0
54087,Roane,3
54089,Summers,1
54091,Taylor,5
54093,Tucker,4
54095,Tyler,3
54097,Upshur,4
54099,Wayne,78
54101,Webster,0
54103,Wetzel,3
54105,Wirt,2
54107,Wood,31
54109,Wyoming,1
55001,Adams,4
55003,Ashland,2
55005,Barron,6
55007,Bayfield,3
55009,Brown,314
55011,Buffalo,4
55013,Burnett,0
55015,Calumet,6
55017,Chippewa,20
55019,Clark,17
55021,Columbia,27
55023,Crawford,3
55025,Dane,382
55027,Dodge,19
55029,Door,9
55031,Douglas,8
55033,Dunn,9
55035,Eau Claire,22
55037,Florence,2
55039,Fond du Lac,65
55041,Forest,0
55043,Grant,23
55045,Green,9
55047,Green Lake,1
55049,Iowa,7
55051,Iron,2
55053,Jackson,12
55055,Jefferson,32
55057,Juneau,10
55059,Kenosha,264
55061,Kewaunee,8
55063,La Crosse,26
55065,Lafayette,3
55067,Langlade,0
55069,Lincoln,0
55071,Manitowoc,7
55073,Marathon,17
55075,Marinette,6
55077,Marquette,3
55078,Menominee,1
55079,Milwaukee,2234
55081,Monroe,13
55083,Oconto,5
55085,Oneida,6
55087,Outagamie,35
55089,Ozaukee,80
55091,Pepin,0
55093,Pierce,8
55095,Polk,4
55097,Portage,4
55099,Price,1
55101,Racine,185
55103,Richland,8
55105,Rock,83
55107,Rusk,4
55109,St. Croix,11
55111,Sauk,34
55113,Sawyer,2
55115,Shawano,6
55117,Sheboygan,43
55119,Taylor,0
55121,Trempealeau,1
55123,Vernon,0
55125,Vilas,4
55127,Walworth,90
55129,Washburn,1
55131,Washington,87
55133,Waukesha,274
55135,Waupaca,4
55137,Waushara,2
55139,Winnebago,41
55141,Wood,2
56001,Albany,6
56003,Big Horn,3
56005,Campbell,18
56007,Carbon,4
56009,Converse,15
56011,Crook,5
56013,Fremont,58
56015,Goshen,4
56017,Hot Springs,3
56019,Johnson,15
56021,Laramie,110
56023,Lincoln,9
56025,Natrona,48
56027,Niobrara,2
56029,Park,1
56031,Platte,0
56033,Sheridan,16
56035,Sublette,3
56037,Sweetwater,16
56039,Teton,92
56041,Uinta,7
56043,Washakie,8
56045,Weston,0
